{
  "_fv": 47,
  "_type": "overlay",
  "definition": {
    "priority": "HIGHEST",
    "components": [
      {
        "type": "label",
        "data": {
          "name": "label_v1",
          "text": {
            "fixedValue": "V1"
          },
          "color": {
            "value": -1,
            "falpha": 0.0
          },
          "x": 4,
          "y": 226
        }
      }
    ],
    "baseTexture": "home.png",
    "overlayTarget": "MainMenu",
    "gridSettings": {
      "sx": 18,
      "sy": 18,
      "ox": 11,
      "oy": 15,
      "snapOnGrid": false
    }
  }
}