{
  "_fv": 47,
  "_type": "fluid",
  "definition": {
    "name": "Hot Air",
    "bucketName": "Hot Air Bucket",
    "textureStill": "hotair",
    "textureFlowing": "hotair",
    "tintType": "No tint",
    "canMultiply": true,
    "flowRate": 1,
    "levelDecrease": 1,
    "slopeFindDistance": 1,
    "spawnParticles": false,
    "dripParticle": {
      "value": "EXPLOSION_NORMAL"
    },
    "flowStrength": 0.0,
    "luminosity": 0,
    "density": -1,
    "viscosity": 0,
    "temperature": 300,
    "type": "WATER",
    "generateBucket": true,
    "textureBucket": "heatitem",
    "creativeTab": {
      "value": "No creative tab entry"
    },
    "emptySound": {
      "value": ""
    },
    "rarity": "COMMON",
    "specialInfo": [],
    "resistance": 0.0,
    "luminance": 0,
    "lightOpacity": 0,
    "emissiveRendering": false,
    "tickRate": 0,
    "flammability": 0,
    "fireSpreadSpeed": 0,
    "colorOnMap": "AIR"
  }
}