{
  "_fv": 47,
  "_type": "rangeditem",
  "definition": {
    "renderType": 0,
    "texture": "checker",
    "customModelName": "Normal",
    "name": "Ranged Check",
    "specialInfo": [],
    "creativeTab": {
      "value": "No creative tab entry"
    },
    "stackSize": 1,
    "ammoItem": {
      "value": ""
    },
    "shootConstantly": false,
    "usageCount": 0,
    "actionSound": {
      "value": ""
    },
    "hasGlow": false,
    "animation": "none",
    "enableMeleeDamage": false,
    "damageVsEntity": 1024.0,
    "bulletPower": 20.0,
    "bulletDamage": 0.0,
    "bulletKnockback": 0,
    "bulletParticles": false,
    "bulletIgnitesFire": false,
    "bulletItemTexture": {
      "value": "Items.ARROW"
    },
    "bulletModel": "Default",
    "customBulletModelTexture": "",
    "onBulletHitsBlock": {
      "name": "RangedCheckProjectileHitsBlock"
    },
    "onBulletHitsEntity": {
      "name": "ProjectileAreaCheck"
    }
  }
}